{
    "name": "fabric-datadef",
    "version": "1.1.0",
    "type": "flogo:connector",
    "title": "Fabric Data Definition",
    "author": "TIBCO Software Inc.",
    "display": {
        "category": "fabric",
        "description": "Fabric Data Definition",
        "visible": true,
        "smallIcon": "ic-fabric@2x.png",
        "largeIcon": "ic-fabric@3x.png"
    },
    "ref": "github.com/yxuco/hlf-contrib/fabric/connector/datadef",
    "homepage": "http://github.com/yxuco/hlf-contrib/fabric/connector/datadef",
    "keyfield": "name",
    "settings": [
        {
            "name": "name",
            "description": "Unique name of the data definition",
            "type": "string",
            "required": true,
            "display": {
                "name": "Name",
                "visible": true
            }
        },
        {
            "name": "schemaList",
            "type": "array",
            "display": {
                "type": "table",
                "name": "Schema Definitions",
                "description": "Define shared data schema",
                "schema": "{\"type\":\"array\",\"items\":{\"type\":\"object\",\"properties\":{\"package\":{\"type\":\"string\"},\"name\":{\"type\":\"string\"},\"definition\":{\"type\":\"object\"}}}}"
            }
        },
        {
            "name": "dataList",
            "type": "array",
            "display": {
                "type": "table",
                "name": "Shared Data",
                "description": "Define shared data value",
                "schema": "{\"type\":\"array\",\"items\":{\"type\":\"object\",\"properties\":{\"package\":{\"type\":\"string\"},\"name\":{\"type\":\"string\"},\"value\":{\"type\":\"object\"}}}}"
            }
        },
        {
            "name": "schema",
            "type": "object",
            "display": {
                "name": "All schema definitions",
                "description": "Schema defined in schemaList",
                "type": "texteditor",
                "syntax": "json",
                "readonly": true
            }
        },
        {
            "name": "data",
            "type": "object",
            "display": {
                "name": "All data definitions",
                "description": "Data values defined in dataList",
                "type": "texteditor",
                "syntax": "json",
                "readonly": true
            }
        }
    ],
    "actions": [{
        "name": "Save"
    }]
}
