
{
    "name": "fabric-cid",
    "version": "1.1.0",
    "type": "flogo:activity",
    "title": "Cid",
    "author": "TIBCO Software Inc.",
    "display": {
        "category": "fabric",
        "visible": true,
        "smallIcon": "ic-cid.png",
        "description": "This activity returns requesting client ID"
    },
    "ref": "github.com/yxuco/hlf-contrib/fabric/activity/cid",
    "homepage": "http://github.com/yxuco/hlf-contrib/fabric/activity/cid",
    "inputs": [
    ],
    "outputs": [
        {
            "name": "code",
            "type": "integer"
        },
        {
            "name": "message",
            "type": "string"
        },
        {
            "name": "cid",
            "type": "string"
        },
        {
            "name": "mspid",
            "type": "string"
        },
        {
            "name": "name",
            "type": "string"
        },
        {
            "name": "attrs",
            "type": "object",
            "display": {
                "name": "Define CID attributes",
                "description": "Schema definition of the attributes, e.g.,\r\n{\r\n  \"attr1\": \"\",\r\n  \"attr2\": \"\"\r\n}",
                "type": "texteditor",
                "syntax": "json"
            }
        }
    ]
}
