
{
    "name": "fabric-endorsement",
    "version": "1.1.0",
    "type": "flogo:activity",
    "title": "Endorsement Policy",
    "author": "TIBCO Software Inc.",
    "display": {
        "category": "fabric",
        "visible": true,
        "smallIcon": "ic-endorsement.png",
        "description": "This activity manages state-based endorsement policy for fabric"
    },
    "ref": "github.com/yxuco/hlf-contrib/fabric/activity/endorsement",
    "homepage": "http://github.com/yxuco/hlf-contrib/fabric/activity/endorsement",
    "inputs": [
        {
            "name": "key",
            "type": "string",
            "required": true
        },
        {
            "name": "operation",
            "type": "string",
            "required": true,
            "allowed": [
                "ADD",
                "DELETE",
                "LIST",
                "SET"
            ],
            "value": "LIST",
            "display": {
                "name": "Operation",
                "description": "Operation for state-based endorsement policy",
                "type": "dropdown",
                "selection": "single"
            }
        },
        {
            "name": "role",
            "type": "string",
            "allowed": [
                "MEMBER",
                "ADMIN",
                "CLIENT",
                "PEER"
            ],
            "value": "MEMBER",
            "display": {
                "name": "Role of the new organization",
                "description": "Endorsement role type for the new endorsing organization",
                "type": "dropdown",
                "selection": "single"
            }
        },
        {
            "name": "organizations",
            "type": "string",
            "display": {
                "name": "Endorsing organizations",
                "description": "Comma-delimited list of MSPIDs to add to or delete from endorsement policy",
                "visible": false,
                "appPropertySupport": true
            }
        },
        {
            "name": "policy",
            "type": "string",
            "display": {
                "name": "Endorsement policy",
                "description": "New endorsement policy, e.g., OutOf(1, 'Org1.member', 'Org2.member', 'Org3.member')",
                "visible": false,
                "appPropertySupport": true
            }
        },
        {
            "name": "isPrivate",
            "type": "boolean",
            "required": true,
            "display": {
                "name": "Data is private",
                "description": "Data is on private collection"
            },
            "value": false
        },
        {
            "name": "collection",
            "type": "string",
            "display": {
                "name": "Private collection name",
                "description": "Name of the private collection",
                "appPropertySupport": true,
                "visible": false
            }
        }
    ],
    "outputs": [
        {
            "name": "code",
            "type": "integer"
        },
        {
            "name": "message",
            "type": "string"
        },
        {
            "name": "key",
            "type": "string"
        },
        {
            "name": "result",
            "type": "string"
        }
    ]
}
