
{
    "name": "fabric-get",
    "version": "1.1.0",
    "type": "flogo:activity",
    "title": "Get",
    "author": "TIBCO Software Inc.",
    "display": {
        "category": "fabric",
        "visible": true,
        "smallIcon": "ic-get.png",
        "description": "This activity fetches data by key from fabric ledger"
    },
    "ref": "github.com/yxuco/hlf-contrib/fabric/activity/get",
    "homepage": "http://github.com/yxuco/hlf-contrib/fabric/activity/get",
    "inputs": [
        {
            "name": "key",
            "type": "string",
            "required": true
        },
        {
            "name": "commonData",
            "type": "object",
            "display": {
                "name": "Common data definition",
                "description": "Select common data collection",
                "type": "connection",
                "visible": true
            },
            "allowed":[]
        },
        {
            "name": "dataType",
            "type": "string",
            "display":{
                "name": "Data object type",
                "description": "Select output data schema",
                "type": "dropdown",
                "selection": "single",
                "visible": false
            },
            "allowed": []
        },
        {
            "name": "privateCollection",
            "type": "string",
            "required": false
        }
    ],
    "outputs": [
        {
            "name": "code",
            "type": "integer"
        },
        {
            "name": "message",
            "type": "string"
        },
        {
            "name": "key",
            "type": "string"
        },
        {
            "name": "result",
            "type": "object",
            "display": {
                "name": "Result object definition",
                "description": "Schema definition of the result, e.g.,\r\n{\r\n  \"param1\": \"string\",\r\n  \"param2\": {\"field1\": 0}\r\n}",
                "type": "texteditor",
                "syntax": "json",
                "readonly": false
            }
        }
    ]
}
